Model,Accuracy,Precision,Recall,F1 Score,Confusion Matrix
Logistic Regression,0.9955355134519425,0.0,0.0,0.0,"[[553238, 336], [2145, 0]]"
Decision Tree,0.9950892447441962,0.42017495899398577,0.7165501165501166,0.5297260037911425,"[[551453, 2121], [608, 1537]]"
Random Forest,0.9982185241102067,0.9280948851000741,0.5836829836829837,0.7166571265025758,"[[553477, 97], [893, 1252]]"
